[
  {"name": "Nordic Tech AB", "org_number": "556677-8899", "address": "Vasagatan 16, Stockholm, Sweden"},
  {"name": "Skåne Solutions", "org_number": "556677-9900"},
  {"name": "Göteborg Innovations", "org_number": "556677-9911", "address": "Kungsgatan 12, Göteborg, Sweden"},
  {"name": "Malmö Software", "org_number": "556677-9922"},
  {"name": "Umeå Digital", "org_number": "556677-9933", "address": "Västra Rådhusgatan 12, Umeå, Sweden"},
  {"name": "Stockholm Startups", "org_number": "556677-9944", "address": "Sveavägen 14, Stockholm, Sweden"},
  {"name": "Västerås Solutions", "org_number": "556677-9955"},
  {"name": "Örebro Tech", "org_number": "556677-9966", "address": "Kungsgatan 10, Örebro, Sweden"},
  {"name": "Linköping Innovations", "org_number": "556677-9977"},
  {"name": "Uppsala Labs", "org_number": "556677-9988", "address": "Dag Hammarskjölds väg 14, Uppsala, Sweden"}
]