[
  {"name": "Sonja", "email": "sonja.svensson@gmail.com", "age": 42, "address": "Sveavägen 20, Stockholm, Sweden"},
  {"name": "Erik", "email": "erik.johansson@gmail.com", "age": 35},
  {"name": "Sara", "email": "sara.lindberg@gmail.com", "address": "Storgatan 10, Umeå"},
  {"name": "Johan", "email": "johan.karlsson@gmail.com", "age": 40, "address": "Kungsgatan 20, Göteborg, Sweden"},
  {"name": "Elin", "email": "elin.andersson@gmail.com"},
  {"name": "Fredrik", "email": "fredrik.olsson@gmail.com", "age": 32},
  {"name": "Maja", "email": "maja.persson@gmail.com", "address": "Södra Förstadsgatan 25, Malmö, Sweden"},
  {"name": "Daniel", "email": "daniel.nilsson@gmail.com"},
  {"name": "Anna", "email": "anna.berg@gmail.com", "age": 27, "address": "Klarabergsviadukten 90, Stockholm, Sweden"},
  {"name": "Oskar", "email": "oskar.eriksson@gmail.com"}
]
